INSERT INTO `pizzeria`.`adreça` (`adreça`, `codi_postal`, `localitat`, `provincia`) VALUES ('c/ Jaume I, 58', '08001', 'Barcelona', 'Barcelona');
INSERT INTO `pizzeria`.`adreça` (`adreça`, `codi_postal`, `localitat`, `provincia`) VALUES ('c/ La Bordeta 99', '08006', 'Barcelona', 'Barcelona');
INSERT INTO `pizzeria`.`adreça` (`adreça`, `codi_postal`, `localitat`, `provincia`) VALUES ('c/ Alpes 160', '08901', 'L\'Hospitalet', 'Barcelona');
INSERT INTO `pizzeria`.`adreça` (`adreça`, `codi_postal`, `localitat`, `provincia`) VALUES ('Avda. Carrilet', '08901', 'L\'Hospitalet', 'Barcelona');
INSERT INTO `pizzeria`.`adreça` (`adreça`, `codi_postal`, `localitat`, `provincia`) VALUES ('Rambla Llopart 235 Bajos 1ª', '08940', 'Cornella', 'Barcelona');
INSERT INTO `pizzeria`.`adreça` (`adreça`, `codi_postal`, `localitat`, `provincia`) VALUES ('C/ Escudellers 45 4º-2ª', '08940', 'Cornella', 'Barcelona');
INSERT INTO `pizzeria`.`adreça` (`adreça`, `codi_postal`, `localitat`, `provincia`) VALUES ('C/ Mir i Geribert 4 Atico 2', '07310', 'El Vendrell', 'Tarragona');
INSERT INTO `pizzeria`.`adreça` (`adreça`, `codi_postal`, `localitat`, `provincia`) VALUES ('C/ Salvador Espriu 21 3ª 2ª', '07310', 'Calafell', 'Tarragona');
INSERT INTO `pizzeria`.`adreça` (`adreça`, `codi_postal`, `localitat`, `provincia`) VALUES ('C/ Pau Casal 4, 1-2', '07310', 'Coma-ruga', 'Tarragona');
INSERT INTO `pizzeria`.`adreça` (`adreça`, `codi_postal`, `localitat`, `provincia`) VALUES ('C/ Ganduixer 35 2-3', '08002', 'Barcelona', 'Barcelona');
INSERT INTO `pizzeria`.`adreça` (`adreça`, `codi_postal`, `localitat`, `provincia`) VALUES ('C/ Cami del Llor 34 1-2', '08002', 'Barcelona', 'Barcelona');
INSERT INTO `pizzeria`.`adreça` (`adreça`, `codi_postal`, `localitat`, `provincia`) VALUES ('C/ Fastenrath 4 6-3', '08003', 'Barcelona', 'Barcelona');
INSERT INTO `pizzeria`.`adreça` (`adreça`, `codi_postal`, `localitat`, `provincia`) VALUES ('Avda Isabel la Catolica 28 Atico 2', '08906', 'L\'Hospitalet', 'Barcelona');
INSERT INTO `pizzeria`.`adreça` (`adreça`, `codi_postal`, `localitat`, `provincia`) VALUES ('C/ Balmes 4 3-2', '08906', 'L\'Hospitalet', 'Barcelona');
INSERT INTO `pizzeria`.`adreça` (`adreça`, `codi_postal`, `localitat`, `provincia`) VALUES ('C/ Lleida 45, 4-1', '07200', 'El Vendrell', 'Tarragona');
INSERT INTO `pizzeria`.`adreça` (`adreça`, `codi_postal`, `localitat`, `provincia`) VALUES ('Pasaje Napoleon', '07300', 'Arboç', 'Tarragona');
INSERT INTO `pizzeria`.`adreça` (`adreça`, `codi_postal`, `localitat`, `provincia`) VALUES ('C/ Escudellers 6 Baixos', '08904', 'Barcelona', 'Barceloona');
INSERT INTO `pizzeria`.`adreça` (`adreça`, `codi_postal`, `localitat`, `provincia`) VALUES ('c/ Frederic Mompou 32 3-2', '07410', 'Coma-ruga', 'Tarragona');
INSERT INTO `pizzeria`.`adreça` (`adreça`, `codi_postal`, `localitat`, `provincia`) VALUES ('C/ Loreto 78 2-1', '08907', 'Barcelona', 'Barcelona');


INSERT INTO `pizzeria`.`botiga` (`adreça_id`) VALUES ('10');
INSERT INTO `pizzeria`.`botiga` (`adreça_id`) VALUES ('9');
INSERT INTO `pizzeria`.`botiga` (`adreça_id`) VALUES ('4');

INSERT INTO `pizzeria`.`categoria` (`nom`) VALUES ('Clasica');
INSERT INTO `pizzeria`.`categoria` (`nom`) VALUES ('Finizzima');
INSERT INTO `pizzeria`.`categoria` (`nom`) VALUES ('BorderCheese');
INSERT INTO `pizzeria`.`categoria` (`nom`) VALUES ('Especial');

INSERT INTO `pizzeria`.`persona` (`nom`, `cognom1`, `cognom2`, `telefon`) VALUES ('Eduard', 'Vendrell', 'Smith', '666999888');
INSERT INTO `pizzeria`.`persona` (`nom`, `cognom1`, `cognom2`, `telefon`) VALUES ('Maria', 'Montes', 'Sampedro', '666888888');
INSERT INTO `pizzeria`.`persona` (`nom`, `cognom1`, `cognom2`, `telefon`) VALUES ('Carlos', 'Losantos', 'Jimenez', '666777888');
INSERT INTO `pizzeria`.`persona` (`nom`, `cognom1`, `cognom2`, `telefon`) VALUES ('Luisa', 'Lopez', 'Losada', '666666888');
INSERT INTO `pizzeria`.`persona` (`nom`, `cognom1`, `cognom2`, `telefon`) VALUES ('Jose', 'Martinez', 'Gonzalez', '666555888');
INSERT INTO `pizzeria`.`persona` (`nom`, `cognom1`, `cognom2`, `telefon`) VALUES ('Uriel', 'Gomez', 'Lopez', '666444888');
INSERT INTO `pizzeria`.`persona` (`nom`, `cognom1`, `cognom2`, `telefon`) VALUES ('Jeniffer', 'Lopez', 'Affleck', '666333888');
INSERT INTO `pizzeria`.`persona` (`nom`, `cognom1`, `cognom2`, `telefon`) VALUES ('Carmen', 'Marin', 'Heredia', '666222888');
INSERT INTO `pizzeria`.`persona` (`nom`, `cognom1`, `cognom2`, `telefon`) VALUES ('Alex', 'Navales', 'Garamedia', '666111888');
INSERT INTO `pizzeria`.`persona` (`nom`, `cognom1`, `cognom2`, `telefon`) VALUES ('Esther', 'Arroyo', 'Ramirez', '666000888');
INSERT INTO `pizzeria`.`persona` (`nom`, `cognom1`, `cognom2`, `telefon`) VALUES ('Roberto', 'Lahoz', 'Lacalle', '666999777');
INSERT INTO `pizzeria`.`persona` (`nom`, `cognom1`, `cognom2`, `telefon`) VALUES ('Jesus', 'Fragoso', 'Mateo', '666888777');
INSERT INTO `pizzeria`.`persona` (`nom`, `cognom1`, `cognom2`, `telefon`) VALUES ('Alex', 'Raza', 'Pastor', '666777777');
INSERT INTO `pizzeria`.`persona` (`nom`, `cognom1`, `cognom2`, `telefon`) VALUES ('Esteban', 'Cela', 'Ruiz', '666666777');
INSERT INTO `pizzeria`.`persona` (`nom`, `cognom1`, `cognom2`, `telefon`) VALUES ('Jaume', 'Codina', 'Peret', '666555777');
INSERT INTO `pizzeria`.`persona` (`nom`, `cognom1`, `cognom2`, `telefon`) VALUES ('Joana', 'Obiols', 'Raimon', '666444777');
INSERT INTO `pizzeria`.`persona` (`nom`, `cognom1`, `cognom2`, `telefon`) VALUES ('Petterson', 'Pupa', 'Php', '666333777');
INSERT INTO `pizzeria`.`persona` (`nom`, `cognom1`, `cognom2`, `telefon`) VALUES ('Ruben', 'Fraile', 'Ceballos', '666222777');
INSERT INTO `pizzeria`.`persona` (`nom`, `cognom1`, `cognom2`, `telefon`) VALUES ('Jaime', 'Valencia', 'Fandos', '666111777');
INSERT INTO `pizzeria`.`persona` (`nom`, `cognom1`, `cognom2`, `telefon`) VALUES ('Carla', 'Rosetti', 'Saez', '666000777');
INSERT INTO `pizzeria`.`persona` (`nom`, `cognom1`, `cognom2`, `telefon`) VALUES ('Daniela', 'Osorio', 'Benedito', '666999666');
INSERT INTO `pizzeria`.`persona` (`nom`, `cognom1`, `cognom2`, `telefon`) VALUES ('Eduardo', 'Torres', 'Camps', '666888666');
INSERT INTO `pizzeria`.`persona` (`nom`, `cognom1`, `cognom2`, `telefon`) VALUES ('Miguel', 'Angel', 'Hernandez', '666777666');
INSERT INTO `pizzeria`.`persona` (`nom`, `cognom1`, `cognom2`, `telefon`) VALUES ('Andres', 'Vazquez', 'Morte', '666666666');

INSERT INTO `pizzeria`.`treballador` (`treballador_id`, `botiga_id`, `tipus`, `nif`) VALUES ('19', '2', 'repartidor', '44111222A');
INSERT INTO `pizzeria`.`treballador` (`treballador_id`, `botiga_id`, `tipus`, `nif`) VALUES ('18', '2', 'cuiner', '55111222B');
INSERT INTO `pizzeria`.`treballador` (`treballador_id`, `botiga_id`, `tipus`, `nif`) VALUES ('17', '2', 'repartidor', '33111222C');
INSERT INTO `pizzeria`.`treballador` (`treballador_id`, `botiga_id`, `tipus`, `nif`) VALUES ('16', '1', 'cuiner', '77111222D');
INSERT INTO `pizzeria`.`treballador` (`treballador_id`, `botiga_id`, `tipus`, `nif`) VALUES ('15', '1', 'repartidor', '88111222E');
INSERT INTO `pizzeria`.`treballador` (`treballador_id`, `botiga_id`, `tipus`, `nif`) VALUES ('14', '1', 'repartidor', '99111222F');
INSERT INTO `pizzeria`.`treballador` (`treballador_id`, `botiga_id`, `tipus`, `nif`) VALUES ('13', '3', 'cuiner', '55444222G');
INSERT INTO `pizzeria`.`treballador` (`treballador_id`, `botiga_id`, `tipus`, `nif`) VALUES ('12', '3', 'repartidor', '66555444H');
INSERT INTO `pizzeria`.`treballador` (`treballador_id`, `botiga_id`, `tipus`, `nif`) VALUES ('11', '3', 'repartidor', '44488877I');

INSERT INTO `pizzeria`.`client` (`client_id`, `adreça_id`) VALUES ('1', '1');
INSERT INTO `pizzeria`.`client` (`client_id`, `adreça_id`) VALUES ('2', '2');
INSERT INTO `pizzeria`.`client` (`client_id`, `adreça_id`) VALUES ('3', '3');
INSERT INTO `pizzeria`.`client` (`client_id`, `adreça_id`) VALUES ('4', '5');
INSERT INTO `pizzeria`.`client` (`client_id`, `adreça_id`) VALUES ('5', '6');
INSERT INTO `pizzeria`.`client` (`client_id`, `adreça_id`) VALUES ('6', '7');
INSERT INTO `pizzeria`.`client` (`client_id`, `adreça_id`) VALUES ('7', '8');
INSERT INTO `pizzeria`.`client` (`client_id`, `adreça_id`) VALUES ('8', '11');
INSERT INTO `pizzeria`.`client` (`client_id`, `adreça_id`) VALUES ('9', '12');
INSERT INTO `pizzeria`.`client` (`client_id`, `adreça_id`) VALUES ('10', '13');
INSERT INTO `pizzeria`.`client` (`client_id`, `adreça_id`) VALUES ('20', '14');
INSERT INTO `pizzeria`.`client` (`client_id`, `adreça_id`) VALUES ('21', '15');
INSERT INTO `pizzeria`.`client` (`client_id`, `adreça_id`) VALUES ('22', '16');
INSERT INTO `pizzeria`.`client` (`client_id`, `adreça_id`) VALUES ('23', '17');
INSERT INTO `pizzeria`.`client` (`client_id`, `adreça_id`) VALUES ('24', '18');

INSERT INTO `pizzeria`.`comanda` (`botiga_id`, `client_id`, `tipus_entrega`, `data`) VALUES ('1', '1', 'botiga', '\"2023-05-01 15:30:00\"');
INSERT INTO `pizzeria`.`comanda` (`botiga_id`, `client_id`, `tipus_entrega`, `data`) VALUES ('1', '2', 'domicili', '\"2023-05-01 15:30:00\"');
INSERT INTO `pizzeria`.`comanda` (`botiga_id`, `client_id`, `tipus_entrega`, `data`) VALUES ('1', '3', 'domicili', '\"2023-05-01 15:30:00\"');
INSERT INTO `pizzeria`.`comanda` (`botiga_id`, `client_id`, `tipus_entrega`, `data`) VALUES ('2', '4', 'domicili', '\"2023-05-01 15:30:00\"');
INSERT INTO `pizzeria`.`comanda` (`botiga_id`, `client_id`, `tipus_entrega`, `data`) VALUES ('2', '5', 'botiga', '\"2023-05-01 15:30:00\"');
INSERT INTO `pizzeria`.`comanda` (`botiga_id`, `client_id`, `tipus_entrega`, `data`) VALUES ('2', '6', 'botiga', '\"2023-05-01 15:30:00\"');
INSERT INTO `pizzeria`.`comanda` (`botiga_id`, `client_id`, `tipus_entrega`, `data`) VALUES ('3', '7', 'botiga', '\"2023-05-01 15:30:00\"');
INSERT INTO `pizzeria`.`comanda` (`botiga_id`, `client_id`, `tipus_entrega`, `data`) VALUES ('3', '8', 'domicili', '\"2023-05-01 15:30:00\"');
INSERT INTO `pizzeria`.`comanda` (`botiga_id`, `client_id`, `tipus_entrega`, `data`) VALUES ('3', '9', 'domicili', '\"2023-05-01 15:30:00\"');
INSERT INTO `pizzeria`.`comanda` (`botiga_id`, `client_id`, `tipus_entrega`, `data`) VALUES ('1', '10', 'domicili', '\"2023-05-01 15:30:00\"');
UPDATE `pizzeria`.`comanda` SET `preu_total` = '25.56' WHERE (`id` = '1') and (`client_id` = '1') and (`botiga_id` = '1');
UPDATE `pizzeria`.`comanda` SET `preu_total` = '69.50' WHERE (`id` = '2') and (`client_id` = '2') and (`botiga_id` = '1');
UPDATE `pizzeria`.`comanda` SET `preu_total` = '15.25' WHERE (`id` = '3') and (`client_id` = '3') and (`botiga_id` = '1');
UPDATE `pizzeria`.`comanda` SET `preu_total` = '90' WHERE (`id` = '4') and (`client_id` = '4') and (`botiga_id` = '2');
UPDATE `pizzeria`.`comanda` SET `preu_total` = '100' WHERE (`id` = '5') and (`client_id` = '5') and (`botiga_id` = '2');
UPDATE `pizzeria`.`comanda` SET `preu_total` = '13.65' WHERE (`id` = '6') and (`client_id` = '6') and (`botiga_id` = '2');
UPDATE `pizzeria`.`comanda` SET `preu_total` = '35' WHERE (`id` = '7') and (`client_id` = '7') and (`botiga_id` = '3');
UPDATE `pizzeria`.`comanda` SET `preu_total` = '52' WHERE (`id` = '8') and (`client_id` = '8') and (`botiga_id` = '3');
UPDATE `pizzeria`.`comanda` SET `preu_total` = '14' WHERE (`id` = '9') and (`client_id` = '9') and (`botiga_id` = '3');
UPDATE `pizzeria`.`comanda` SET `preu_total` = '12.5' WHERE (`id` = '10') and (`client_id` = '10') and (`botiga_id` = '1');

INSERT INTO `pizzeria`.`entrega_domicili` (`comanda_id`, `treballador_id`) VALUES ('2', '11');
INSERT INTO `pizzeria`.`entrega_domicili` (`comanda_id`, `treballador_id`) VALUES ('3', '12');
INSERT INTO `pizzeria`.`entrega_domicili` (`comanda_id`, `treballador_id`) VALUES ('4', '14');
INSERT INTO `pizzeria`.`entrega_domicili` (`comanda_id`, `treballador_id`) VALUES ('8', '15');
INSERT INTO `pizzeria`.`entrega_domicili` (`comanda_id`, `treballador_id`) VALUES ('9', '17');
INSERT INTO `pizzeria`.`entrega_domicili` (`comanda_id`, `treballador_id`) VALUES ('10', '19');


INSERT INTO `pizzeria`.`producte` (`nom`,`categoria_id`, `descripcio`, `imatge`, `preu`, `tipus`) VALUES ('Coca Cola',NULL, 'Coca Cola normal', 'cocacola.jpg', '1.00', 'beguda');
INSERT INTO `pizzeria`.`producte` (`nom`,`categoria_id`, `descripcio`, `imatge`, `preu`, `tipus`) VALUES ('Coca Cola Zero',NULL, 'Coca Cola sin azucar', 'cocacolazero.jpg', '0.90', 'beguda');
INSERT INTO `pizzeria`.`producte` (`nom`,`categoria_id`, `descripcio`, `imatge`, `preu`, `tipus`) VALUES ('Fanta Naranja',NULL, 'Fanta sabor naranja', 'fantanaranja.jpg', '1.00', 'beguda');
INSERT INTO `pizzeria`.`producte` (`nom`,`categoria_id`, `descripcio`, `imatge`, `preu`, `tipus`) VALUES ('Nestea',NULL, 'Té helado', 'nestea.jpg', '1.00', 'beguda');
INSERT INTO `pizzeria`.`producte` (`nom`,`categoria_id`, `descripcio`, `imatge`, `preu`, `tipus`) VALUES ('Fanta Limon', NULL,'Fanta sabor limon', 'fantalimon.jpg', '1.00', 'beguda');
INSERT INTO `pizzeria`.`producte` (`nom`,`categoria_id`, `descripcio`, `imatge`, `preu`, `tipus`) VALUES ('Cerveza 0.0', NULL,'Cereza sin alcohol', 'cerveza00.jpg', '0.90', 'beguda');
INSERT INTO `pizzeria`.`producte` (`nom`,`categoria_id`, `descripcio`, `imatge`, `preu`, `tipus`) VALUES ('Agua', NULL,'Agua mineral 25cl', 'agua.jpg', '0.80', 'beguda');

INSERT INTO `pizzeria`.`producte` (`nom`,`categoria_id`, `descripcio`, `imatge`, `preu`, `tipus`) VALUES ('BigMac',NULL, 'Doble hamburguesa', 'bigmac.jpg', '2.50','hamburguesa');
INSERT INTO `pizzeria`.`producte` (`nom`,`categoria_id`, `descripcio`, `imatge`, `preu`, `tipus`) VALUES ('CrispyChicken',NULL, 'Hamburguesa de pollo', 'crispychicken.jpg', '2.00','hamburguesa');
INSERT INTO `pizzeria`.`producte` (`nom`,`categoria_id`, `descripcio`, `imatge`, `preu`, `tipus`) VALUES ('VeggiBurger',NULL, 'Hamburguesa Vegetal', 'veggiburguer.jpg', '2.25','hamburguesa');

INSERT INTO `pizzeria`.`producte` (`nom`, `categoria_id`, `descripcio`, `imatge`, `preu`, `tipus`) VALUES ('4 Quesos','1', 'Queso','4quesos.jpg', '10','pizza');

INSERT INTO `pizzeria`.`producte` (`nom`, `categoria_id`, `descripcio`, `imatge`, `preu`, `tipus`) VALUES ('Barbacoa','2', 'Salsa barbacoa', 'barbacoa.jpg', '10','pizza');
INSERT INTO `pizzeria`.`producte` (`nom`, `categoria_id`, `descripcio`, `imatge`, `preu`, `tipus`) VALUES ('Campesina','1', 'Vegetal', 'campesina.jpg', '12','pizza');
INSERT INTO `pizzeria`.`producte` (`nom`, `categoria_id`, `descripcio`, `imatge`, `preu`, `tipus`) VALUES ('Extravaganza', '3','Carne', 'extravaganza.jpg', '12','pizza');
INSERT INTO `pizzeria`.`producte` (`nom`, `categoria_id`, `descripcio`, `imatge`, `preu`, `tipus`) VALUES ('Tropical', '2','Jamon y piña', 'tropical.jpg', '10','pizza');
INSERT INTO `pizzeria`.`producte` (`nom`, `categoria_id`, `descripcio`, `imatge`, `preu`, `tipus`) VALUES ('De la casa','1', 'Variada', 'delacasa.jpg', '12','pizza');

INSERT INTO `pizzeria`.`comanda_has_producte` (`comanda_id`, `producte_id`) VALUES ('1', '1');
INSERT INTO `pizzeria`.`comanda_has_producte` (`comanda_id`, `producte_id`) VALUES ('2', '2');
INSERT INTO `pizzeria`.`comanda_has_producte` (`comanda_id`, `producte_id`) VALUES ('3', '3');
INSERT INTO `pizzeria`.`comanda_has_producte` (`comanda_id`, `producte_id`) VALUES ('4', '4');
INSERT INTO `pizzeria`.`comanda_has_producte` (`comanda_id`, `producte_id`) VALUES ('5', '5');
INSERT INTO `pizzeria`.`comanda_has_producte` (`comanda_id`, `producte_id`) VALUES ('6', '6');
INSERT INTO `pizzeria`.`comanda_has_producte` (`comanda_id`, `producte_id`) VALUES ('7', '7');
INSERT INTO `pizzeria`.`comanda_has_producte` (`comanda_id`, `producte_id`) VALUES ('8', '6');
INSERT INTO `pizzeria`.`comanda_has_producte` (`comanda_id`, `producte_id`) VALUES ('8', '6');
INSERT INTO `pizzeria`.`comanda_has_producte` (`comanda_id`, `producte_id`) VALUES ('9', '5');
INSERT INTO `pizzeria`.`comanda_has_producte` (`comanda_id`, `producte_id`) VALUES ('10', '4');
INSERT INTO `pizzeria`.`comanda_has_producte` (`comanda_id`, `producte_id`) VALUES ('10', '7');
INSERT INTO `pizzeria`.`comanda_has_producte` (`comanda_id`, `producte_id`) VALUES ('10', '8');
INSERT INTO `pizzeria`.`comanda_has_producte` (`comanda_id`, `producte_id`) VALUES ('10', '12');
INSERT INTO `pizzeria`.`comanda_has_producte` (`comanda_id`, `producte_id`) VALUES ('10', '14');